{
  "period": "25 Feb \u2013 16 Mar 2026",
  "exclusions": [
    "Russia"
  ],
  "results_all": {
    "Tier 1": {
      "prebid_views": 675130,
      "publift_views": 672423,
      "moba_revenue": 212.13000000000002,
      "publift_revenue_gross": 161.57,
      "publift_revenue_net": 137.3345,
      "moba_rpv": 0.00031420615288907323,
      "publift_rpv_gross": 0.00024028029975179313,
      "publift_rpv_net": 0.00020423825478902417,
      "moba_ecpm": 0.3142061528890732,
      "publift_ecpm_gross": 0.24028029975179313,
      "publift_ecpm_net": 0.20423825478902416,
      "rpv_diff_vs_net_pct": 53.84294838087247,
      "countries": 8
    },
    "Tier 2": {
      "prebid_views": 1398746,
      "publift_views": 1372129,
      "moba_revenue": 198.11,
      "publift_revenue_gross": 216.84,
      "publift_revenue_net": 184.31400000000002,
      "moba_rpv": 0.0001416340064600721,
      "publift_rpv_gross": 0.0001580317885563238,
      "publift_rpv_net": 0.00013432702027287523,
      "moba_ecpm": 0.1416340064600721,
      "publift_ecpm_gross": 0.1580317885563238,
      "publift_ecpm_net": 0.13432702027287524,
      "rpv_diff_vs_net_pct": 5.439699453135551,
      "countries": 33
    },
    "Tier 3": {
      "prebid_views": 1516559,
      "publift_views": 1473182,
      "moba_revenue": 99.52999999999996,
      "publift_revenue_gross": 94.75999999999998,
      "publift_revenue_net": 80.54599999999999,
      "moba_rpv": 6.562883475024708e-05,
      "publift_rpv_gross": 6.432334904987977e-05,
      "publift_rpv_net": 5.467484669239781e-05,
      "moba_ecpm": 0.06562883475024708,
      "publift_ecpm_gross": 0.06432334904987977,
      "publift_ecpm_net": 0.05467484669239781,
      "rpv_diff_vs_net_pct": 20.03478513525004,
      "countries": 90
    },
    "Untiered": {
      "prebid_views": 1368,
      "publift_views": 1521,
      "moba_revenue": 0.060000000000000005,
      "publift_revenue_gross": 0.0,
      "publift_revenue_net": 0.0,
      "moba_rpv": 4.385964912280702e-05,
      "publift_rpv_gross": 0.0,
      "publift_rpv_net": 0.0,
      "moba_ecpm": 0.04385964912280702,
      "publift_ecpm_gross": 0.0,
      "publift_ecpm_net": 0.0,
      "rpv_diff_vs_net_pct": Infinity,
      "countries": 50
    }
  },
  "results_no_us": {
    "Tier 1": {
      "prebid_views": 668818,
      "publift_views": 666925,
      "moba_revenue": 144.29000000000002,
      "publift_revenue_gross": 161.28,
      "publift_revenue_net": 137.088,
      "moba_rpv": 0.0002157388108573633,
      "publift_rpv_gross": 0.0002418262923117292,
      "publift_rpv_net": 0.0002055523484649698,
      "moba_ecpm": 0.21573881085736332,
      "publift_ecpm_gross": 0.2418262923117292,
      "publift_ecpm_net": 0.2055523484649698,
      "rpv_diff_vs_net_pct": 4.955653617418763,
      "countries": 7
    },
    "Tier 2": {
      "prebid_views": 1398746,
      "publift_views": 1372129,
      "moba_revenue": 198.11,
      "publift_revenue_gross": 216.84,
      "publift_revenue_net": 184.31400000000002,
      "moba_rpv": 0.0001416340064600721,
      "publift_rpv_gross": 0.0001580317885563238,
      "publift_rpv_net": 0.00013432702027287523,
      "moba_ecpm": 0.1416340064600721,
      "publift_ecpm_gross": 0.1580317885563238,
      "publift_ecpm_net": 0.13432702027287524,
      "rpv_diff_vs_net_pct": 5.439699453135551,
      "countries": 33
    },
    "Tier 3": {
      "prebid_views": 1516559,
      "publift_views": 1473182,
      "moba_revenue": 99.52999999999996,
      "publift_revenue_gross": 94.75999999999998,
      "publift_revenue_net": 80.54599999999999,
      "moba_rpv": 6.562883475024708e-05,
      "publift_rpv_gross": 6.432334904987977e-05,
      "publift_rpv_net": 5.467484669239781e-05,
      "moba_ecpm": 0.06562883475024708,
      "publift_ecpm_gross": 0.06432334904987977,
      "publift_ecpm_net": 0.05467484669239781,
      "rpv_diff_vs_net_pct": 20.03478513525004,
      "countries": 90
    },
    "Untiered": {
      "prebid_views": 1368,
      "publift_views": 1521,
      "moba_revenue": 0.060000000000000005,
      "publift_revenue_gross": 0.0,
      "publift_revenue_net": 0.0,
      "moba_rpv": 4.385964912280702e-05,
      "publift_rpv_gross": 0.0,
      "publift_rpv_net": 0.0,
      "moba_ecpm": 0.04385964912280702,
      "publift_ecpm_gross": 0.0,
      "publift_ecpm_net": 0.0,
      "rpv_diff_vs_net_pct": Infinity,
      "countries": 50
    }
  },
  "grand_total_all": {
    "prebid_views": 3591803,
    "publift_views": 3519255,
    "moba_revenue": 509.83,
    "publift_revenue_gross": 473.16999999999996,
    "publift_revenue_net": 402.1945,
    "moba_rpv": 0.00014194263994990816,
    "publift_rpv_gross": 0.00013445175186225491,
    "publift_rpv_net": 0.0001142839890829167,
    "moba_ecpm": 0.14194263994990816,
    "publift_ecpm_gross": 0.13445175186225491,
    "publift_ecpm_net": 0.1142839890829167,
    "rpv_diff_vs_net_pct": 24.201684845743547
  },
  "grand_total_no_us": {
    "prebid_views": 3585491,
    "publift_views": 3513757,
    "moba_revenue": 441.99,
    "publift_revenue_gross": 472.88,
    "publift_revenue_net": 401.948,
    "moba_rpv": 0.00012327181967546427,
    "publift_rpv_gross": 0.00013457959671087102,
    "publift_rpv_net": 0.00011439265720424035,
    "moba_ecpm": 0.12327181967546427,
    "publift_ecpm_gross": 0.13457959671087102,
    "publift_ecpm_net": 0.11439265720424036,
    "rpv_diff_vs_net_pct": 7.762003863037092
  },
  "us_anomaly": {
    "country": "United States",
    "tier": "Tier 1",
    "prebid_views": 6312,
    "publift_views": 5498,
    "moba_revenue": 67.84,
    "publift_revenue_gross": 0.29,
    "publift_revenue_net": 0.24649999999999997
  },
  "unmatched_tier_countries": [
    "Afghanistan",
    "Aland Islands",
    "Andorra",
    "Angola",
    "Antigua and Barbuda",
    "Aruba",
    "Bahamas",
    "Barbados",
    "Belize",
    "Benin",
    "Bermuda",
    "Bhutan",
    "Botswana",
    "British Virgin Islands",
    "Burkina Faso",
    "Cameroon",
    "Cape Verde",
    "Curacao",
    "Democratic Republic of the Congo",
    "French Guiana",
    "Gabon",
    "Gibraltar",
    "Guadeloupe",
    "Guinea",
    "Guyana",
    "Haiti",
    "Iran",
    "Kenya",
    "Madagascar",
    "Maldives",
    "Mali",
    "Mayotte",
    "Namibia",
    "Northern Mariana Islands",
    "Papua New Guinea",
    "Reunion",
    "Saint Kitts and Nevis",
    "Saint Martin",
    "Saint Pierre and Miquelon",
    "Senegal",
    "Seychelles",
    "Sint Maarten",
    "South Sudan",
    "Suriname",
    "Trinidad and Tobago",
    "Turks and Caicos Islands",
    "Uganda",
    "Vanuatu",
    "Western Sahara",
    "Zimbabwe"
  ]
}